{
    "accuracy": 0.9006479382514954,
    "precision": 0.8672199249267578,
    "recall": 0.9372197389602661,
    "f1_score": 0.9008620769398976,
    "loss": 0.3690047860145569,
    "confusion_matrix": [
        [
            208,
            32
        ],
        [
            14,
            209
        ]
    ],
    "class_names": [
        "Bleached",
        "Healthy"
    ]
}